,precision,recall,f1-score,support
Healthy,1.0,0.5833333333333334,0.7368421052631579,12.0
Parkinson,0.8611111111111112,1.0,0.9253731343283582,31.0
accuracy,0.8837209302325582,0.8837209302325582,0.8837209302325582,0.8837209302325582
macro avg,0.9305555555555556,0.7916666666666667,0.8311076197957581,43.0
weighted avg,0.8998708010335917,0.8837209302325582,0.8727598238915582,43.0
