,precision,recall,f1-score,support
Healthy,1.0,0.5,0.6666666666666666,12.0
Parkinson,0.8285714285714286,1.0,0.90625,29.0
accuracy,0.8536585365853658,0.8536585365853658,0.8536585365853658,0.8536585365853658
macro avg,0.9142857142857144,0.75,0.7864583333333333,41.0
weighted avg,0.878745644599303,0.8536585365853658,0.8361280487804879,41.0
