feature,importance_mean,importance_std
MDVP:Jitter(Abs),0.2584677419354839,0.03909673390051981
Shimmer:APQ5,0.2219758064516129,0.0684208108107907
MDVP:Jitter(%),0.18911290322580646,0.03293449608676754
MDVP:Shimmer,0.031586021505376316,0.021406442457884946
MDVP:Shimmer(dB),0.02217741935483869,0.021304929414176537
Shimmer:APQ3,0.018749999999999982,0.02072890493972123
Jitter:DDP,0.010147849462365577,0.016956139264192063
Shimmer:DDA,0.0,0.0
