feature,importance_mean,importance_std
MDVP:Jitter(Abs),0.2419540229885057,0.052150224584026045
Shimmer:APQ5,0.2112787356321839,0.05525630258854073
MDVP:Jitter(%),0.06961206896551726,0.03608718064104073
Jitter:DDP,0.019827586206896543,0.014705794921751732
MDVP:Shimmer(dB),0.009482758620689613,0.008577477906091513
MDVP:Shimmer,0.004310344827586188,0.007465736239520989
Shimmer:APQ3,0.0,0.0
Shimmer:DDA,0.0,0.0
