,precision,recall,f1-score,support
Healthy,1.0,0.5,0.6666666666666666,12.0
Parkinson,0.8378378378378378,1.0,0.9117647058823529,31.0
accuracy,0.8604651162790697,0.8604651162790697,0.8604651162790697,0.8604651162790697
macro avg,0.9189189189189189,0.75,0.7892156862745098,43.0
weighted avg,0.8830923947203015,0.8604651162790697,0.8433652530779754,43.0
