,precision,recall,f1-score,support
Healthy,0.8,0.3333333333333333,0.47058823529411764,12.0
Parkinson,0.7894736842105263,0.967741935483871,0.8695652173913043,31.0
accuracy,0.7906976744186046,0.7906976744186046,0.7906976744186046,0.7906976744186046
macro avg,0.7947368421052632,0.6505376344086021,0.670076726342711,43.0
weighted avg,0.7924112607099143,0.7906976744186046,0.7582228037827871,43.0
