,precision,recall,f1-score,support
Healthy,1.0,0.6666666666666666,0.8,12.0
Parkinson,0.8787878787878788,1.0,0.9354838709677419,29.0
accuracy,0.9024390243902439,0.9024390243902439,0.9024390243902439,0.9024390243902439
macro avg,0.9393939393939394,0.8333333333333333,0.8677419354838709,41.0
weighted avg,0.9142645971914265,0.9024390243902439,0.8958300550747444,41.0
