,precision,recall,f1-score,support
Healthy,0.8571428571428571,0.5,0.631578947368421,12.0
Parkinson,0.8235294117647058,0.9655172413793104,0.8888888888888888,29.0
accuracy,0.8292682926829268,0.8292682926829268,0.8292682926829268,0.8292682926829268
macro avg,0.8403361344537814,0.7327586206896552,0.7602339181286549,41.0
weighted avg,0.8333674933387989,0.8292682926829268,0.8135786621024104,41.0
