feature,importance_mean,importance_std
MDVP:Jitter(Abs),0.2626436781609196,0.05979773897457271
MDVP:Jitter(%),0.09655172413793109,0.02468004398856652
Jitter:DDP,0.0336206896551725,0.02074346450951029
Shimmer:APQ5,0.032758620689655266,0.018000528463638893
MDVP:Shimmer,0.0,0.0
Shimmer:DDA,0.0,0.0
Shimmer:APQ3,-0.0034482758620689503,0.006896551724137901
MDVP:Shimmer(dB),-0.012931034482758563,0.00746573623952099
