feature,importance_mean,importance_std
MDVP:Jitter(Abs),0.27103494623655916,0.04619096863040845
MDVP:Shimmer,0.01874999999999998,0.024562137755315815
Shimmer:APQ5,0.008736559139784933,0.01947069936823818
Shimmer:DDA,0.0,0.0
MDVP:Shimmer(dB),-0.011559139784946248,0.01824395645264212
MDVP:Jitter(%),-0.01854838709677421,0.02777936751145246
Jitter:DDP,-0.023387096774193594,0.041201005266981394
Shimmer:APQ3,-0.1394489247311828,0.04575596337606925
